<?xml version="1.0" encoding="utf-8"?>
<!-- Install in /system/etc/permissions/ | chmod 0644 -->
<!-- aapt d permissions $apkdir -->
<permissions>
    <privapp-permissions package="net.mfuertes.aagw.gateway">
        <permission name="android.permission.INTERNET" />
        <permission name="android.permission.FOREGROUND_SERVICE" />

        <!-- USB Operations -->
        <permission name="android.permission.MANAGE_USB"/>
        <permission name="android.permission.RECEIVE_BOOT_COMPLETED"/>

        <!-- Bluetooth Flow -->
        <permission name="android.permission.BLUETOOTH" />
        <permission name="android.permission.BLUETOOTH_CONNECT" />

        <!-- HotSpot -->
        <permission name="android.permission.ACCESS_COARSE_LOCATION"/>
        <permission name="android.permission.ACCESS_FINE_LOCATION" />
        <permission name="android.permission.CHANGE_WIFI_STATE"/>
        <permission name="android.permission.ACCESS_WIFI_STATE"/>
    </privapp-permissions>
</permissions>
